ID,Author,Subreddit,Title,Number of comments,Time Posted
r3e6el,Apprehensive_Sleep_4,worldnews,COVID-19: Two cases of Omicron variant detected in UK - with targeted testing to be rolled out in affected areas,4261,2021-11-27 08:03:02
r7jtn7,GuyCarbonneauGOAT,nba,"[Charania] Just in: Lakers star LeBron James has been cleared from health and safety protocols to return on Friday vs. Clippers, after testing positive but since registering multiple negative COVID-19 tests, sources tell @TheAthletic @Stadium .",924,2021-12-02 17:03:15
r0l34b,unnaturalorder,NatureIsFuckingLit,üî• A baby elephant testing out their trunk for the first time üî•,574,2021-11-23 13:29:09
qv8n05,Minifig_Monkey,antiwork,A lot of people who don‚Äôt understand r/antiwork think it‚Äôs ‚Äúfull of teenagers‚Äù. Let‚Äôs put that to the test.,32336,2021-11-16 08:11:21
r3e6sx,Apprehensive_Sleep_4,Coronavirus,COVID-19: Two cases of Omicron variant detected in UK - with targeted testing to be rolled out in affected areas,705,2021-11-27 08:03:38
r31jtj,BitterFuture,news,Pfizer testing its vaccine against new COVID-19 strain,863,2021-11-26 19:08:58
qm2oyv,thenewyorkgod,Unexpected,Testing out the new faucet,846,2021-11-03 14:53:50
pz8lth,silvercatbob,nextfuckinglevel,"Testing 20,000 watt lightbulb",5039,2021-10-01 08:59:31
r0erfx,JakeCameraAction,todayilearned,"TIL in order to promote Assassin's Creed: Black Flag, Ubisoft funded the exhumation, DNA testing, and facial reconstruction of famous 18th century pirate Amaro Pargo",401,2021-11-23 08:44:40
r6ny8z,thesheetztweetz,space,Pentagon calls for stop to anti-satellite weapons testing after debris from Russian demo threatened ISS,440,2021-12-01 14:13:08
r80ooi,News2016,politics,Opinion: The bombshell about Trump testing positive also implicates the Trump family,356,2021-12-03 08:47:06
r4a1uo,CloverBun,bestoflegaladvice,LAOP is seeking a religious exemption for *checks notes* weekly Covid testing,593,2021-11-28 11:55:01
q1njqw,breathingwaves,iamatotalpieceofshit,Anti-vax rioters destroy COVID-19 testing site in NYC,4158,2021-10-04 23:40:26
qork6x,Vesko567,AnimalsBeingJerks,Zebra testing car window durability!,622,2021-11-07 10:07:33
pkxdin,Oleg101,politics,"Biden to announce that all federal workers must be vaccinated, with no option for testing",11015,2021-09-09 08:02:21
qs9icv,n0twann,ForzaHorizon,I was testing out my new drag tune for the MkV Supra and some Sesto Elemento thought he had a chance lol,590,2021-11-12 05:49:28
pskwqa,drawkbox,news,Amazon relaxes drug testing policies and will lobby the government to legalize marijuana,5151,2021-09-21 10:20:13
r172w1,the_potato_of_doom,PrequelMemes,Feel free to test it in the comments,3869,2021-11-24 08:58:46
qufadp,Ashamed_Werewolf_325,conspiracy,"Germany, France, Denmark, Norway, Sweden, and Finland have all suspended the Moderna vax for people under 30. But in the US discussions about myocarditis are still being censored and Moderna has started testing its product on 6 month old infants. How is this not a huge scandal?",623,2021-11-15 06:26:18
qhyv2l,malakesxasame,leagueoflegends,"Sources: Team Liquid eyeing Bjergsen, testing Jensen roleswap to bottom lane",1549,2021-10-28 18:01:40
r0zzyj,Andreeeeeeeeeeeeeee3,whenthe,Just testing something,227,2021-11-24 02:02:29
r7b7o7,PizzaTimeTobey,baseball,"If drug testing is halted during the lockout, would it be worth it for some players to do a cycle of PED‚Äôs before a new CBA?",247,2021-12-02 10:29:39
qxie3i,anon2217,TwoXChromosomes,Male ER doctor completely dismissed my concerns and I had to push for testing for a potentially dangerous issue. WTF.,396,2021-11-19 09:18:24
r4j32z,calbert1735,worldnews,"Swiss vote to approve COVID restrictions as infections rise. Swiss voters have given clear backing to legislation that introduced special COVID-19 certificates under which only people who have been vaccinated, recovered or tested negative can attend public events and gatherings",2940,2021-11-28 18:47:00
qtudzq,ThisFukingIdiot,IdiotsNearlyDying,Good friends always help out when testing a gun.,406,2021-11-14 11:14:08
qy0p2q,madlettuce1987,AskUK,Should MPs face compulsory random drug testing for class A drug?,489,2021-11-20 01:45:14
r14og5,coolcomfort123,stocks,Cathie Wood says her firm is testing a more aggressive strategy that would be ‚ÄòARK on steroids‚Äô,459,2021-11-24 07:01:03
r3aalh,sucamchi,news,61 people on flight from South Africa to the Netherlands test positive for COVID-19.,3273,2021-11-27 03:47:11
qvimlo,ACertainKindOfStupid,memes,The test is rigged,4412,2021-11-16 15:29:12
qh1pkg,purple-circle,WinStupidPrizes,Testing a rabbit trap with your nose,754,2021-10-27 12:21:10
q8syzk,_Xyreo_,WinStupidPrizes,Testing an expensive rc helicopter indoor,1191,2021-10-15 12:15:46
qskrhh,Trotty282,LivestreamFail,Twitch might be testing removing ad free viewing from subs,553,2021-11-12 15:01:23
qwd76c,metalliccrocodile,nextfuckinglevel,Baby gator testing out a deathroll,214,2021-11-17 18:33:09
r09x3w,Lach2e,battlefield2042,Sooo was testing out the melee to dive & this happened..,234,2021-11-23 03:57:48
r71y56,sector3011,worldnews,Pentagon calls for stop to anti-satellite weapons testing after debris from Russian demo threatened ISS,196,2021-12-02 01:30:28
r79mct,Claeyt,politics,Trump held multiple events after testing positive for Covid,126,2021-12-02 09:14:57
r52vuk,Yodsanan,MMA,Brad Riddell testing the Iron Chin of Shaolin Monk Yi Long back in 2011. The Kiwi returns to the Octagon against Rafael Fiziev at UFC Vegas 44 this Saturday!,212,2021-11-29 13:00:44
q2xxzm,Pedrica1,Damnthatsinteresting,Testing the durability of chianmail armor.,1313,2021-10-06 20:05:43
qv0ujq,165701020,worldnews,"Russia blows up old satellite, NASA boss 'outraged' as ISS crew shelters from debris - Moscow slammed for 'reckless, dangerous, irresponsible' weapon test",4362,2021-11-15 23:51:31
qu2xom,StrachNasty,fantasyfootball,"Packers think RB Aaron Jones suffered a sprained MCL but he will undergo further testing, per source.",480,2021-11-14 17:54:24
r4tpar,IceFrost97,formula1,[OT] Giovinazzi testing the Dragon Formula E car in Valencia,153,2021-11-29 05:18:37
r44ny5,ShabtaiBenOron,todayilearned,"TIL that Hiram Maxim, the inventor of the automatic machine gun, spent so much time test-firing his guns that he became completely deaf. His son Hiram Percy Maxim eventually invented the silencer, but too late to save his father's hearing.",1466,2021-11-28 07:47:27
r7o1fc,CricketMatchBot,Cricket,"Match Thread: 2nd Test - India vs New Zealand, Day 1",9609,2021-12-02 20:30:48
r5lruj,AskScienceModerator,askscience,"AskScience AMA Series: Testing Your Poop to Support Public Health: We Are Wastewater Surveillance Experts, Ask Us Anything!",190,2021-11-30 06:00:33
r778ob,GiovanniDeMedici,news,"U.S. tightens travel testing requirements, mask mandates as part of broader plan to fight Covid",203,2021-12-02 07:15:59
r4lazh,CricketMatchBot,Cricket,"Match Thread: 1st Test - India vs New Zealand, Day 5",12216,2021-11-28 20:39:39
r5yn4s,GuyCarbonneauGOAT,nba,"[Wojnarowski] ESPN Sources: The NBA‚Äôs completed study with infectious disease specialists and testing manufacturers on preseason antibody test results of 2,300 players and staff, finding further evidence of need for the NBA-NBPA recommendation of booster dose of Covid-19 vaccine.",164,2021-11-30 16:01:12
qxjb0t,elongatedarms,nfl,[Van Noy] Yoooo y‚Äôall won‚Äôt believe this‚Ä¶‚Ä¶ I make a couple plays last night and guess what happens??? The @NFL is drug testing me today ÔøºÔøºÔøºÔøºÔøºÔøº you can‚Äôt make this up!,239,2021-11-19 10:03:30
psz7f3,introskeptic7,interestingasfuck,Condom burst testing machines,1908,2021-09-21 22:44:03
r3tkoe,CricketMatchBot,Cricket,"Match Thread: 1st Test - India vs New Zealand, Day 4",12699,2021-11-27 20:30:23
r7jtlk,daftmunt,lakers,"[Charania] Just in: Lakers star LeBron James has been cleared from health and safety protocols to return on Friday vs. Clippers, after testing positive but since registering multiple negative COVID-19 tests, sources tell @TheAthletic @Stadium.",167,2021-12-02 17:03:11
r0yogt,Ice-Ornery,germany,Starting 15 December the company i work for will stop testing unvaccinated workers. Unvaccinated will have to pay for their tests (2 a week) or will be left home unpaid. Anything similar on your workplaces ?,293,2021-11-24 00:40:52
r78nl1,ryan12124,Superstonk,NFT withdraw testing,100,2021-12-02 08:28:44
q6p05f,ThatSpysASpy,leagueoflegends,"The problem with Riot ""testing"" completely deleting all-chat is that you can measure the upside, but not the downside",1588,2021-10-12 10:42:10
r1fmwe,thoreandon,newworldgame,Full QA Team is already testing EU Patch,149,2021-11-24 15:25:42
r2zdoy,olaf525,HighStrangeness,"Do you reckon the military has been testing more advanced versions of things like this, and people are just mistaking them for UFOs?",206,2021-11-26 17:15:38
r6vl5r,Miserable-Lizard,alberta,"So to be clear, these testing kits were bought by the government (via the taxpayer) and are going to be given to unvaccinated police officers so that they can continue to come into work without paying for their own tests.",179,2021-12-01 19:51:19
r4vll2,jazzers44,JUSTNOMIL,MIL won't stop testing holiday arrangements,194,2021-11-29 07:14:58
r5glbu,itsunderthesauce16,AmItheAsshole,AITA for not letting my dad get a paternity test?,2093,2021-11-30 00:13:55
qw9am1,NotAPie,iamatotalpieceofshit,"Man is asked to leave maternity ward over covid test. Instead, he begins to scream and claim they‚Äôre trying to kill him.",3123,2021-11-17 15:21:46
qpk90b,hotgrandmasnearyou,teenagers,OH MY FUCKING GOD I ANSWERED CUM ON A TEST AND IT WONT LET ME RETAKE THE TEST MY TEACHER IS GONNA SEE THIS WTF DO I DO,3854,2021-11-08 12:48:52
r47r2e,spookiest_throwaway,JUSTNOMIL,"MIL baby rabies, boundary testing, and moving too damn close",182,2021-11-28 10:12:39
r1lv0o,CricketMatchBot,Cricket,"Match Thread: 1st Test - India vs New Zealand, Day 1",9522,2021-11-24 20:39:23
r6ogzk,A_massive_prick,mildlyinteresting,The progressively weaker lines of my positive covid tests,980,2021-12-01 14:35:37
qwz7bc,TheTrashman44,IdiotsInCars,Buddy crashes a Porsche on a test drive first corner out of the dealership,2228,2021-11-18 14:47:16
r7r9d0,ABAKES7,Guildwars2,Was testing out the turtle by taxiing my partner around Elona. This guy didn't approve,154,2021-12-02 23:12:48
r4x31c,themainmattie,antiwork,Nobody is more cocky than a trust fund baby whose uncle got him an undeserved job. Never seen anyone try to deny bonuses based on an online IQ test before.,1881,2021-11-29 08:32:05
qzdviu,throwaway11212021,AmItheAsshole,"AITA for requesting a paternity test after my wife, joked out of the blue, about our child's paternity?",3343,2021-11-21 23:20:25
qy2lqg,Tight_Analysis_5138,nextfuckinglevel,Testing Earthquake-Resistant Building Designs.,99,2021-11-20 04:06:14
qtl3d3,Cryptiqua,evilbuildings,"The ‚ÄûM√§usebunker‚Äú in Berlin, a former animal testing lab built in the style of brutalism.",163,2021-11-14 01:59:42
r772cu,v3ntor,Warthunder,[Development] Israeli Aviation Beta-Testing begins in the upcoming update!,190,2021-12-02 07:06:19
r7dggy,FThumb,conspiracy,"Good News Everyone! CDC recommending AGAINST vaccine for post-infection survivors. Goes so far as to recommend antibody testing even if you suspect you've been infected, before taking vaccine!",206,2021-12-02 12:12:24
r0xdpl,paintedsofia,PewdiepieSubmissions,"Testing out the pretty girl holding something theory again, holding a painting I did back in 2019",145,2021-11-23 23:23:53
r3393s,CricketMatchBot,Cricket,"Match Thread: 1st Test - India vs New Zealand, Day 3",9149,2021-11-26 20:39:05
qg29d3,Lukeyguy_,FortNiteBR,"Epic is testing a ""No Build"" playlist. Not going to lie personal this is hype. Someone who can't build good ü§£",745,2021-10-26 03:59:42
qw5nn0,DrunkLad,hardware,LTT is About to Change. (Linus is building a new studio for benchmarking and testing hardware),280,2021-11-17 12:29:40
qjfce7,not_a_flying_toy_,StarWars,"Finally upgraded my TV, testing it the only way I know how",452,2021-10-30 20:36:35
r8b9hm,ObamaEatsBabies,halo,Joseph Staten explaining the lack of launch playlists. (Stress testing + Matchmaking),180,2021-12-03 16:57:09
r6jjf0,imagepoem,Impeach_Trump,"Trump tested positive for covid on Sept. 26, 2020. The next day he met with Gold Star families, whom Trump later blamed for infecting him. // Trump knowingly met with Gold Star families after testing positive, then blamed them.",77,2021-12-01 11:06:03
qpkgmo,GuyCarbonneauGOAT,nba,"[Wojnarowski] Cleveland Cavaliers guard Collin Sexton suffered a torn meniscus to his left knee, team says. No immediate timetable on a return, more testing to come, but expect Sexton to have an extended absence from 7-4 Cavs.",299,2021-11-08 12:58:28
qn7dpq,SpoodsMcBeef,DeepRockGalactic,GSG testing out the free Battlepass in a nutshell.,251,2021-11-05 04:32:27
r2cq02,CricketMatchBot,Cricket,"Match Thread: 1st Test - India vs New Zealand, Day 2",8221,2021-11-25 20:32:05
r4olgy,Apprehensive_Sleep_4,Coronavirus,U.S. does not impose new Omicron testing for passengers from southern Africa,159,2021-11-28 23:35:38
qev3vo,Tevihn,newworldgame,"Highly recommend going through this guy's clips, he's been testing stats and bugs and long story short; majority of the game's numbers don't work properly, this needs more visibility",658,2021-10-24 11:04:54
r4v8jp,CausticArmadillo,AnimalCrossing,Timmy & Tommy sure are testing my patience this week.,57,2021-11-29 06:55:10
q4n92n,MistWeaver80,worldnews,"In Chile, a scientist is testing ""metal-eating"" bacteria she hopes could help clean up the country's highly-polluting mining industry. Starving microorganisms capable of surviving in extreme conditions have already managed to ""eat"" a nail in just three days.",846,2021-10-09 10:13:22
r4z0yd,MakingPostsAtWork,medicine,Checking people in for outpatient testing is becoming increasingly more upsetting.,132,2021-11-29 10:05:52
r62aq2,steakandcheesepi,newzealand,Practical driver testing not available for the unvaccinated,172,2021-11-30 18:55:21
qy8h74,balls2brakeLate44,formula1,[Giuliano Duchessa] Right now the Mercedes W12 is at Fia testing for pull down on alleged main plane flexing,182,2021-11-20 09:58:57
qsjuxx,agrapeana,byebyejob,70+ fired employees are trying to prevent their termination after refusing to be vaccinated or participate in twice-weekly testing,234,2021-11-12 14:18:08
r4fo87,JSPiero,Nijisanji,They're ready for Citizenship testing,78,2021-11-28 16:04:02
qigp17,fuchsia_blitz,WritingPrompts,"[WP] Before receiving the serum that unlocks latent powers, subjects take a battery of tests (physical exam, DNA analysis, a VERY intrusive questionnaire, etc.) to determine their likely abilities. Your testing process drags on and on as you are sent to higher-ranking (and increasingly tense) staff.",365,2021-10-29 11:30:19
qul4wj,heydude19999,conspiracy,How many of you are weary about nasal covid testing?,334,2021-11-15 11:07:31
r2pt32,redbullsgivemewings,movies,"79 Years Ago on This Date, Casablanca Was Released. A film that has withstood the test of time, and produced some of film's most memorable lines and scenes. Here is an original review from 1942. Here's lookin at you, kid",890,2021-11-26 09:24:18
r01hb9,DrDunkelheit,dankmemes,"""Test your might"" Says the Zucc",1877,2021-11-22 19:29:48
qpdrer,General_Star5979,China,"Arguably worlds largest building global center Chengdu was mass tested. Meaning no one could leave. They‚Äôve been waiting in line for at least 8 hours already in the coldest day of the year by far. Looks like not even close to end. Fighting in line already. Mass testing is insane, just going too far.",387,2021-11-08 07:35:43
qyd9gs,Routine_Sound,Boxing,Jake Paul accused of refusing drug testing ahead of Tommy Fury fight,172,2021-11-20 13:50:18
r4whd7,_SP3CT3R,EngineeringPorn,The tire company Pirelli‚Äôs ‚Äúdoggy‚Äù. It is used for testing and logging the surface conditions of race tracks.,46,2021-11-29 08:01:57
qcp3vw,RhinestoneTaco,cars,"EPA's official testing: The Hybrid Ford Maverick gets 42 mpg city, 33 mpg highway, and 37 mpg combined",711,2021-10-21 05:53:35
qw0k9o,razgrizzeroone,NASCAR,"Charlotte Oval Next Gen Testing, Day 1",534,2021-11-17 08:33:48
r7jnj5,polite_demon,Kokomi_Mains,people are always TESTING me on domains,93,2021-12-02 16:55:01
qlbtse,OpulentOwl,todayilearned,"TIL that ""No Country For Old Men"" had to suspend production because the crew for ""There Will Be Blood"" was testing pyrotechnics in the same area and created too much smoke.",232,2021-11-02 14:16:31
r6vo0x,EmperorsShadow,newworldgame,Using an Amulet doesn't give negative luck. Debunking by testing 2000 boar kills with minimum luck. Data inside.,113,2021-12-01 19:55:22
qg31et,sudocat50,Whatcouldgowrong,WCGW testing out your miniature volcano,265,2021-10-26 05:00:20
qy9mw5,Hylian_Princess816,Minecraft,I 3d printed a few axolotls while testing filament,64,2021-11-20 10:55:01
r5dx00,funky_shits,CoronavirusDownunder,Man arrested after COVID-19 testing site worker allegedly mowed down,146,2021-11-29 21:46:52
qwsvv9,abettergrilledcheese,RBI,Is this free covid testing facility legit?,179,2021-11-18 10:01:12
r2u4lx,Vaynar,toronto,Minister of Transport Canada: Today we are banning entry for foreign nationals that have travelled to Southern Africa in the last 14 days. We will also make testing mandatory on all Canadians entering into Canada and having travelled to Southern Africa in the last 14 days.,131,2021-11-26 12:53:51
qruw16,Lentil_Soup83,RedditSessions,Testing stuff and jams with cold hands,414,2021-11-11 14:59:38
qxnib0,TheRavenSayeth,todayilearned,"TIL despite the common theory that ‚ÄúNew Coke‚Äù was a marketing ploy, the main reason for its launch was it consistently beat Pepsi and Coca Cola Classic in blind taste tests. It performed so well that one bottling company even threatened to sue Coca Cola if they didn‚Äôt launch the new product.",1266,2021-11-19 13:23:56
r89hzw,rorypetersens,GYM,"Angry at how bad my form is testing my 1RM. Would you count this as a successful rep? 190lbs (2x bodyweight) only been lifting for 5 months, following J&T 2.0, F18, 5‚Äô3",128,2021-12-03 15:22:43
qn9qd7,bean0s0rz,conspiracy,Why is it that if you have the vaccine you are not obligated for weekly testing at most places of business? Shouldn't everyone be tested if you can still spread and get the virus regardless of vaccination status?,318,2021-11-05 07:09:54
r3wbh9,somejerkatwork,HermanCainAward,"Fox News has a vaccine mandate or daily testing, guess who didn‚Äôt quit.",61,2021-11-27 23:00:07
r65ydr,slavicdeath,fosscad,"Testing out my folding stock design, going into beta soon, stay tuned",86,2021-11-30 22:07:04
r87zy8,Exciting_Initial5149,COVID19positive,"Maybe I just see it more because I‚Äôm in this thread but, I swear it‚Äôs so disheartening seeing all the people posting about testing positive after being vaccinated üò©",117,2021-12-03 14:13:29
r045so,searayman,sandiego,Testing out a new Camera Lens at Torrey Pines on Sunday....Spotted a huge SHARK!,105,2021-11-22 21:51:08
qw6x85,GTSpot,velvethippos,"Hey Hippo Community, if my wife and Igot our guy genetic testing, what do you think he would be? Really curious about your opinions. Thanks! Bigger head, big torso, little butt and legs. Slender build. Weighs 70 lbs.",133,2021-11-17 13:28:34
r1mf12,TelescopeFeed,space,Testing Confirms Webb Telescope on Track for Targeted Dec. 22 Launch,82,2021-11-24 21:09:04
qq77kk,Techheadmani,teslamotors,Watch Goodyear Testing Tesla Model 3 With Airless Tires,241,2021-11-09 10:20:44
qwy0tt,MILINTarctrooperALT,Eve,Further Testing Reveals some Surprises. Not all good either.,229,2021-11-18 13:52:25
qfvub2,Rmon_34,shitposting,Let‚Äôs see who will pass or fail the test,6119,2021-10-25 20:47:59
r5xziy,Dobgoblin16,canada,"Feds to reinstate testing for foreign air travel, reviewing booster strategy in light of Omicron",170,2021-11-30 15:30:58
pl6pci,derekbrokeitagain,politics,"Biden Going Nuclear, Will Mandate Vaccines (or Testing) for Most Private Employees",2729,2021-09-09 16:08:39
r2k7nh,AquaberrySkerry,battlefield2042,Muzzle Brake Testing!,81,2021-11-26 04:23:21
qkmh7q,RandomHero66611,antiwork,"Drug testing should be illegal; reasoning - what you do in your off time is no business of your employer. Even if that means doing trucker sized lines of cocaine on the weekends. What IS their business is if you're under the influence of it while at work, because that's dangerous AF.",273,2021-11-01 15:05:15
r14bem,quitecrossen,wallstreetbets,I can hear all of your erections already - Cathie Wood says her firm is testing a more aggressive strategy that would be 'ARK on steroids',163,2021-11-24 06:39:59
qo8oes,gtu160,news,Appeals court temporarily halts rule on larger businesses that would require vaccine or weekly testing,340,2021-11-06 15:35:02
r7jdpi,kane899,Skookum,"Not sure if this qualifies. A 3"" Code 62 blanking flange, rated up to a pressure of 6000 psi (approximately 42,000 lb of axial force) . Going onto a hydraulic power unit for testing.",64,2021-12-02 16:41:42
r57ay0,Fitzy564,amcstock,AA IS TESTING THE CRYPTO WORLD BEFORE ISSUING THE DIVIDEND???,98,2021-11-29 16:20:52
r2txhq,LoveEh,ontario,"Minister of Transport: ""Today we are banning entry for foreign nationals that have travelled to Southern Africa in the last 14 days. We will also make testing mandatory on all Canadians entering into Canada and having travelled to Southern Africa in the last 14 days""",119,2021-11-26 12:44:09
r3s2ug,Poobistank,Autos,"Spotted my first Rivian truck in the wild. Manufacturers plates and an antenna taped behind the rear door, so maybe doing testing while getting in some good trail time.",67,2021-11-27 19:14:31
qbvosx,handlewithcareme,HumansAreMetal,Wanchai cooki lokwichit Proffesional wrestler testing his strength,308,2021-10-20 02:53:54
qtuxxy,DropoutCollective,ApexUncovered,Titan Testing,186,2021-11-14 11:39:35
r6dwt2,xRipleyx,politics,Trump tested positive for COVID-19 days before debate with Biden: Meadows book,735,2021-12-01 06:43:19
r0rjcp,ShotandaChaser,CryptoCurrency,CoinbaseOne now testing,206,2021-11-23 18:24:43
r4aac2,Zombini6,stunfisk,SS OU is now Suspect testing Kyurem!,117,2021-11-28 12:04:56
r4ep5a,Dismal-Ant2281,CryptoMoonShots,‚òÄÔ∏èSunShield üöÄ | Deflationary Token that becomes more scarce over time | 260.000$ in Rewards have already been given out üíµ | Easy 50x | Testing and betas of earthsield have started üî•,73,2021-11-28 15:20:28
r1tors,illuminanthi77,nfl,"[Rapoport] Sources: #Bears QB Justin Fields, already ruled out today, suffered a few cracked ribs on Sunday, further testing revealed. The X-Ray and CT scans were clean, but the MRI showed the additional issues. They are tiny fractures, not deemed major, and Fields should return shortly.",83,2021-11-25 04:28:47
quvicw,AWildDragon,space,Russia's 'reckless' anti-satellite test created over 1500 pieces of debris,1581,2021-11-15 19:07:18
r4nym2,spork_off,HermanCainAward,"A New England born Texas man finally got his dream Corvette two months ago. Not a fan of vaccines or mandates, he flew his family back to the Northeast for Thanksgiving. He passed, and his widow and one daughter have tested positive for Covid.",1205,2021-11-28 22:59:58
qlfghr,GuyCarbonneauGOAT,nba,[MacMahon] Unvaccinated Mavs guard Trey Burke will miss his second game this season due to not being available during the COVID testing window. He forfeits those game checks.,269,2021-11-02 17:03:22
r5liau,Mimbudesi,RedditSessions,Testing my mic / shouting nonsense,115,2021-11-30 05:43:36
qh4bhw,Pchrisbosh1,3Dprinting,3D Printed Robocop Suit - Wearing Suit for First Time Testing for Halloween 2021,241,2021-10-27 14:20:24
qv4hew,AITOR95,battlefield2042,WTF is this DICE? (Shroud testing building collisions..),135,2021-11-16 04:00:35
qgz39f,Eurynom0s,LosAngeles,Unvaccinated LA City Workers Must Pay $130 A Week For Testing,346,2021-10-27 10:20:23
r6jixf,imagepoem,The_Mueller,"Trump tested positive for covid on Sept. 26, 2020. The next day he met with Gold Star families, whom Trump later blamed for infecting him. // Trump knowingly met with Gold Star families after testing positive, then blamed them.",42,2021-12-01 11:05:39
r75gha,Phexina,Coronavirus,First Omicron case confirmed in Iceland. The person had NOT been abroad and doesn't know how he was infected. He's in hospital and had recently had a booster shot. Iceland sequences all PCR tests.,590,2021-12-02 05:29:17
r4yssy,WokeUp2,HermanCainAward,Vegan who refused COVID vaccine in stand against animal testing died of virus after begging for jab,93,2021-11-29 09:55:49
r5kbki,Slothjitzu,changemyview,CMV: An invalid paternity test should negate all future child support obligations,1228,2021-11-30 04:22:09
qqna94,g0dzilllla,Tinder,Had a midterm yesterday. Just before the exam started there was this girl next to me I chatted with about the test for a couple mins.. but after it ended I lost her in the crowd. I was pretty bummed heading back to my room until this happened.. what do I do from here? Lmao,1671,2021-11-09 23:41:04
qwo5f1,thewholedamnplanet,byebyejob,Nurse aide fired for refusing vaccine and testing is denied jobless benefits,95,2021-11-18 05:55:50
qly2b3,Picard_Indeed,sports,"Aaron Rodgers tests positive for COVID-19, and now it's being reported that he lied about being vaccinated in August and is actually unvaccinated.",2017,2021-11-03 11:21:04
qwpgy5,razgrizzeroone,NASCAR,"Charlotte Oval Next Gen Testing, Day 2 @ 9am ET",443,2021-11-18 07:14:37
qaku0f,cutestudent,politics,GOP senator calls for senility test for aging leaders,4704,2021-10-18 06:33:35
r8gkvn,howser343,nba,"[Charania] Sources: Beginning Dec. 17, NBA players who have not received booster COVID-19 dose will be subject to game day testing. Also on Dec. 17, team personnel who have yet to received booster are no longer permitted to interact with players, travel with team or continue as Tier 1.",101,2021-12-03 21:36:12
q8sewb,champablotty93,Whatcouldgowrong,WCGW Testing an expensive rc helicopter indoors,340,2021-10-15 11:48:10
r7erms,oliveoyl151,GothStyle,baby goth style (testing the waters),41,2021-12-02 13:10:37
qxn2ok,xMUNDEJx,NUFC,Eddie Howe to miss the club‚Äôs next Premier League match after testing positive for Covid-19,253,2021-11-19 13:02:44
r75q3z,woebegonemonk,science,"Chimps, like humans, show signs of uncertainty when faced with a hard choice: As choices in a memory test became more difficult, chimps wavered more between choices. They moved their finger back and forth between the two options, unable to decide.",385,2021-12-02 05:47:03
qlih3e,LyooblyAnnaLyoobly,CatastrophicFailure,A pressure vessel that failed under testing at only half the pressure it was supposed to be able to withstand on 28th November 2007.,169,2021-11-02 19:31:23
qzwk98,Made_Up_Reddit_Name,NASCAR,"Mike Harmon penalized for testing at Rockingham, Caesar Bacarella docked for substance abuse",145,2021-11-22 15:36:58
px9g1g,Sad_gooner,soccer,"Tuchel on Kante testing positive for covid: ‚ÄúEveryone is adult enough, we live in a free society. People can take their choices. We are not angry at N‚ÄôGolo. I‚Äôm concerned about him, I‚Äôm worried.‚Äù",1352,2021-09-28 10:58:22
q8fxqp,TheUltraEdd6,halo,Testing the Halo 3 modding tools by slightly modifying the needler,357,2021-10-14 22:45:38
r77386,-oddest-of-onions-,Technoblade,BattleBlades public testing begins 16th of December!,36,2021-12-02 07:07:47
qgsol9,pablo397,cyberpunkgame,Testing the bus travel mod - Night City looking beautiful from this perspective.,218,2021-10-27 04:25:31
r1lpej,webardrin,nasa,JWST UPDATE: Testing Confirms Webb Telescope on Track for Targeted Dec. 22 Launch,68,2021-11-24 20:30:55
q9kv2u,avivi_,worldnews,"China tested a nuclear-capable hypersonic missile in August that circled the globe before speeding towards its target, demonstrating an advanced space capability that caught US intelligence by surprise.",5328,2021-10-16 16:19:57
r7ykop,__Yakovlev__,enlistedgame,"Remember how we had the IS-2 and KT(P) available during the beta testing already. As well as other iconic stuff like the STG, Panzerschreck and the thompson drum mag? I sure remember, and I hope you guys do too.",71,2021-12-03 06:57:15
qvr6uo,cooolionoodles,IdentityV,[OC] just testing out my idv fandom knowledge,259,2021-11-16 22:42:04
r3rprn,Waldonville,Coronavirus,Pfizer testing its vaccine against new COVID-19 strain,77,2021-11-27 18:56:07
r6a3j7,AdamBenko,Unity3D,Testing improved destruction for fighters. What do you guys think ?,70,2021-12-01 02:29:23
r3rvab,FletchForPresident,Coronavirus,"Vaccine makers move quickly against new omicron Covid variant, testing already under way",76,2021-11-27 19:03:49
r1ej7r,LBHMS,NASCAR,[Bozi] It is my understanding that the #4 and #10 car ran the 670 horsepower tapered spacer at Charlotte which was worth around 2mph over the 550 horsepower spacer. We are likely to see that one tested at Charlotte along with the possibility of testing with the 750 horsepower spacer.,127,2021-11-24 14:34:12
qzfl14,printtesul,FortniteLeaks,Epic is testing 20.00 via FNBRunreleased,91,2021-11-22 01:06:28
q2pf0y,aitagifttest,AmItheAsshole,AITA for testing to see if my husband purchased my gift himself and telling him I don‚Äôt want it after he failed?,660,2021-10-06 12:38:31
r3nk4b,Bottle__,BotTown2,Pfizer testing its vaccine against new COVID-19 strain,886,2021-11-27 15:35:02
qqvhqx,Aggressive_Ad5115,vegetarian,Taco Bell testing Plant based meat,158,2021-11-10 08:20:55
qlw55g,_bonzibuddy,nfl,[Pelissero] Packers QB Aaron Rodgers tested positive for COVID-19 and is out for Sunday‚Äôs game against the #Chiefs.,3403,2021-11-03 09:50:49
qg6da8,NoobatRunescape,pcgaming,"‚ÄòNew World‚Äô Warning: Most Perks Are Fundamentally Broken, Testing Reveals",391,2021-10-26 08:26:37
qvsx3l,DivineGoddess1111111,FemaleDatingStrategy,"Testing for ""sexual compatibility"" is a bullshit lie to cross boundaries and get sex",99,2021-11-17 00:24:11
quravy,michidrex,yesyesyesno,Testing the new jump,45,2021-11-15 15:45:34
qxk51k,sequoia_driftwood,moderatepolitics,University of California ends using any form of standardized testing in admissions,242,2021-11-19 10:43:58
q28d4q,dartmaster666,CatastrophicFailure,"1942, a couple of V-2 rockets go out of control while testing.",425,2021-10-05 18:31:32
r2jyy3,Session_Horse,CasualUK,"Well, I failed my driving test today lads. I‚Äôm commiserating in Spoons (so I won‚Äôt feel out of place drinking at an inappropriate time)",1008,2021-11-26 04:05:36
qnq0nu,AdMain117,canada,Quebec suspending unvaccinated health-care workers who refuse COVID-19 testing,236,2021-11-05 20:45:58
r5dycp,Nosy_Introvert,ThailandTourism,Testing Positive for COVID-19 on Arrivals PCR Test,135,2021-11-29 21:48:54
r68ju3,zangtoi,malaysia,"Heads up, the Shopee ""100% Authentic Guarantee"" means absolutely nothing. Sided with the seller on an item that could potentially be dangerous to people who aren't aware of the actual product. Luckily for me, patch testing didn't cause anything to me, including its nonexistent ""numbing"" properties.",70,2021-12-01 00:42:48
pw236n,student568,UCSD,COVID Testing Question,8,2021-09-26 15:50:14
r82uj0,Vicborgen,AyakaMains,Friendly reminder that Ayaka had this really cool ability back in the Closed Beta Testing,37,2021-12-03 10:23:34
qmocwx,ExpertAccident,tumblr,Drug Testing,66,2021-11-04 11:24:25
qu0usq,EverythingButSins,hardware,[Der8auer] 4152 hours of Ryzen Long Term Testing: We have Good and Bad News,142,2021-11-14 16:11:30
qwayil,Frozen_Helm,IndieGaming,Testing out a new retro shader,74,2021-11-17 16:42:31
qws79z,MK0135,canada,The Ottawa Senators Have a 100% Vaccination Rate‚Äîand 40% of the Team Has Tested Positive for Covid,1657,2021-11-18 09:29:45
qq47aq,Eastcoastmuscle,legaladvice,"Falsely Arrested, Cocaine trafficking charge dropped after testing two years later",71,2021-11-09 07:56:09
r5vrfm,ItsUncleTony,halo,"God, these new shop items are really testing me...Still not buying em though :')",72,2021-11-30 13:52:21
r3dbxy,cheerkin,spaceengineers,"Gravity salvo follow up: testing scalability with no speed limit, 1050+ m/s demo",57,2021-11-27 07:14:39
r2ji3v,Turbulent-Sorbet9125,science,"Researchers at Yale have developed a new oral medication for type 1 diabetes. In tests in mice, not only did the drug quickly adjust insulin levels, it also restored metabolic functions and reversed inflammation, opening up a potential way to prevent the disease.",441,2021-11-26 03:32:00
qn1o03,Stock412,politics,Nikki Haley calls for cognitive test for older politicians,1972,2021-11-04 21:54:47
r68ld3,Eurynom0s,politics,"Trump tested positive for Covid few days before Biden debate, chief of staff says in new book",547,2021-12-01 00:45:53
r3m8n8,Penguin042,insaneparents,Apparently I am evil for asking for covid tests while we are 7 months pregnant,530,2021-11-27 14:32:24
qx6x43,sammy123_,Cricket,Test captain Tim Paine to quit following sexting scandal,1859,2021-11-18 21:16:52
qpfia7,Communist_Fella,factorio,Testing my high throughput 4-way intersection. 99 trains per minute,110,2021-11-08 09:05:05
r53ve3,Awankari,SCJerk,AEW CONCUSSIONS TESTING IS THE BEST IN THE WORLD,73,2021-11-29 13:45:39
r6mm0b,Dull_Tonight,politics,Biden responds to report that Trump tested positive for COVID before their debate: 'I don't think about the former president',459,2021-12-01 13:15:30
q5utp2,SnooDoughnuts4859,StardewValley,1.5.5 beta testing,313,2021-10-11 07:32:05
qyr55i,zetecvan,CasualUK,Today is my birthday. On Thursday I tested positive for the Rona. My mate just text to wish me a happy birthday.,601,2021-11-21 03:05:09
r7kysr,Super_Robot_AI,Bitcoin,Testing out Cash Apps New Taproot Wallet. 0 Fees sending 1000 USD in bitcoin,69,2021-12-02 17:58:48
p0csny,green_flash,worldnews,"Wuhan completes mass Covid testing on 11.3 million people, finds 9 positive cases who have now all been hospitalized",4272,2021-08-08 06:10:44
r6jz25,SGMG_Martin,Stargate,"Progress on my Apophis helmet testing rig. So far, so good.",34,2021-12-01 11:24:24
qr65fk,the-grand-champion,standardissuecat,Trag√©die du caf√©: A story of a standard issue cat testing gravity with my cold brew coffee,82,2021-11-10 16:36:01
r1ve4u,comonbuddy,CHIBears,"[Rapoport] Sources: #Bears QB Justin Fields, already ruled out today, suffered a few cracked ribs on Sunday, further testing revealed. The X-Ray and CT scans were clean, but the MRI showed the additional issues. They are tiny fractures, not deemed major, and Fields should return shortly.",70,2021-11-25 06:20:50
qocnbz,triplestuntbros,Eminem,What's are good Eminem songs for testing speakers.,217,2021-11-06 19:03:07
r0rnic,CM_Mithril,Planetside,WATER MECHANICS TESTING! Feedback Megathread,126,2021-11-23 18:30:13
qqh5ch,_bonzibuddy,fantasyfootball,"After two days of testing, exams revealed that #Panthers QB Sam Darnold has a fractured scapula, sources say. The right shoulder injury will most likely lead to Darnold missing several weeks. PJ Walker, his backup, will step in.",162,2021-11-09 18:10:24
qqh58t,_bonzibuddy,nfl,"[Rapoport] After two days of testing, exams revealed that #Panthers QB Sam Darnold has a fractured scapula, sources say. The right shoulder injury will most likely lead to Darnold missing several weeks. PJ Walker, his backup, will step in.",138,2021-11-09 18:10:15
qkcbjo,CamCard01,Whatcouldgowrong,WCGW not testing face paint sooner,109,2021-11-01 06:54:33
qq8laj,kdubee,MTB,Testing out my new transition patrol,128,2021-11-09 11:24:19
qb4v52,Owen_Stole_My_Bike,conspiracy,"Country Music Legend Travis Tritt: ‚ÄúI‚Äôm putting my money where my mouth is and announcing that any venue or promoter mandating masks, requiring vaccinations, or pushing COVID testing protocols on my fans will not be tolerated‚Äù",366,2021-10-19 00:32:26
pzg168,Chasith,Damnthatsinteresting,"Testing 20,000 watt lightbulb",456,2021-10-01 15:08:09
r52vns,Havocfyw,oddlyterrifying,My son tests the depth of a puddle we found in the woods,363,2021-11-29 13:00:30
quk13o,DippStarr,formula1,Valtteri Bottas was a secret Guinea Pig on PU/ICE testing for Mercedes going back to the Italian Grand Prix,115,2021-11-15 10:18:15
qrmky4,Freeloader215,minipainting,Verdigris testing,59,2021-11-11 08:33:15
qvv2s3,DrWarlock,linux_gaming,Star Citizen testing EAC with Proton/Wine,104,2021-11-17 02:55:11
r1qx63,Lietuvis9,ProtectAndServe,Lithuanian police officers in firing range after testing of confiscated machine gun,53,2021-11-25 01:21:44
r48m5c,purpletulip12,kpop,"Aespa‚Äô Karina, Winter, Ningning Held At Airport For COVID-19 Testing Due To Cold Symptoms; Giselle Enters Korea First",37,2021-11-28 10:51:26
r002o1,bumpofyeetler,CHIBears,"[Rapoport] #Bears QB Andy Dalton is expected to start on Thursday, with Justin Fields dealing with a rib injury. He spent the day undergoing further testing, and the turnaround is too quick.",98,2021-11-22 18:17:16
qpzhtw,Fly_Fuckr_2,ProgrammerHumor,Superior Beta testing methodology,52,2021-11-09 02:47:24
qqd4ea,imomushi8,Eldenring,Network test code exchange,4964,2021-11-09 14:58:16
r73fal,Lunavye,MTFSelfieTrain,Testing the waters to see how far I've come!,37,2021-12-02 03:12:43
qrfvg6,Good_Active,LeopardsAteMyFace,"SFPD officer placed on leave for not getting vaccinated by Nov. 1, tests positive on Nov. 2, and dies of Covid on Nov. 6.",1030,2021-11-11 01:33:03
r4w9oy,Whoneedsyou,DessertPorn,Testing the limits of my cream cheese frosting consumption.,38,2021-11-29 07:51:08
qzr5do,DisneyVista,Disneyland,Looks like they started testing a regular standby line for Rise of the Resistance. Any thoughts?,109,2021-11-22 11:47:42
qe5wte,smurfyjenkins,science,"Individuals who believe in COVID conspiracy theories are more likely to test positive for Covid and violate public health regulations, as well as experience job loss, reduced income, social rejection, and decreased overall well-being.",2893,2021-10-23 09:29:10
qvz44z,ReheatedZiti,newjersey,New Jersey signs bill to end cosmetics animal testing,73,2021-11-17 07:19:54
r18o10,BPLover,NASCAR,Why has there been so many reports of concern following the Charlotte NextGen testing?,110,2021-11-24 10:11:39
r3rm7c,RubberDucky656,stunfisk,BDSP OU is now suspect testing Latios,69,2021-11-27 18:50:51
qw7ijh,nasa,IAmA,We‚Äôre NASA experts who are getting ready to change the course of an asteroid. Ask us anything about NASA‚Äôs DART test mission!,971,2021-11-17 13:56:37
q2o099,WhileFalseRepeat,todayilearned,"TIL in 1965 when Gatorade was invented at the University of Florida, the football coach wouldn't let researchers experiment on the varsity team and only allowed testing on freshman (who couldn't play varsity by NCAA rule). And those players described it as tasting like urine or toilet bowl cleaner.",382,2021-10-06 11:28:56
p2g3zl,derstherower,todayilearned,"TIL that the details of the Manhattan Project were so secret that many workers had no idea why they did their jobs. A laundrywoman had a dedicated duty to ""hold up an instrument and listen for a clicking noise"" without knowing why. It was a Geiger counter testing the radiation levels of uniforms.",2080,2021-08-11 11:07:06
qug99m,FromTheAshesOfTheOld,space,"There are reports, that Russia has conducted an Anti-satellite (#ASAT) weapons test. Target was an old Soviet Tselina-D SIGINT satellite called Kosmos-1408 (1982-092A) launched in 1982, which has been dead for decades. 14 debris objects have been tracked.",995,2021-11-15 07:18:34
pqsh5z,flounderingscholar,UCSD,Weekly COVID Testing?,7,2021-09-18 14:09:34
r0tsb6,LBHMS,NASCAR,"Denny Hamlin on Racing Spaces regarding NextGen testing: ""If we want pack racing (at intermediates), I hate to say it but we are still going too fast. If you want to add speed, you will have to add a shitton of grip to ensure everyone is dead-planted to the racetrack.""",108,2021-11-23 20:16:48
r5sh3e,no-regerts301,wallstreetbets,Isn‚Äôt towing the point of owning a truck? Rivian R1T's first real-world towing test shows 62% range loss,824,2021-11-30 11:29:53
qshxp7,baiqibeendeleted17x,interestingasfuck,CEO of a bulletproof car company puts his money where his mouth is in a live test,811,2021-11-12 12:47:47
qrcp09,eatingpopcornwithmj,functionalprint,"My child has a feeding tube and I create solutions to problems we encounter. This is our IV pole replacement, the Tubie Tower. Currently, there isn‚Äôt a safe option to feed in the car, we will be crash testing it when we finish raising the money in our GoFundMe. Pt.2",97,2021-11-10 22:21:34
qzf0v5,animatedsnark,HilariaBaldwin,Doll autopsy - testing testing,98,2021-11-22 00:30:26
qy87wi,sskaye,ketorecipes,Low-Carb Flour Replacements: Blood Glucose Testing of 18 Varieties with Some Surprising Results,70,2021-11-20 09:46:21
q8puvo,Jamaican_snow_owl,Wellthatsucks,Testing an expensive rc helicopter indoors,216,2021-10-15 09:41:35
